id,first_name,last_name,email,gender,department,salary,country
1,Kirsten,Hammerman,khammerman0@usa.gov,Female,Product Management,7349,Portugal
2,Obie,Tinston,otinston1@webs.com,Male,Research and Development,7614,China
3,Yard,Muldoon,ymuldoon2@ameblo.jp,Male,Human Resources,7420,Indonesia
4,Lawton,Dowers,ldowers3@senate.gov,Male,Research and Development,5512,Japan
5,Manuel,Knights,mknights4@cornell.edu,Male,Accounting,8911,Brazil
6,Agnesse,Deekes,adeekes5@imgur.com,Female,Research and Development,8335,China
7,Joel,Rieflin,jrieflin6@statcounter.com,Male,Services,8105,Indonesia
8,Sabina,Divis,sdivis7@prweb.com,Female,Sales,6148,Mexico
9,Lyn,Stribbling,lstribbling8@archive.org,Female,Research and Development,7728,Cuba
10,Niki,Fulcher,nfulcher9@gizmodo.com,Female,Marketing,6641,Colombia
11,Dunc,Achrameev,dachrameeva@hibu.com,Male,Business Development,4672,Japan
12,Daron,Gifkins,dgifkinsb@xing.com,Male,Product Management,6450,Indonesia
13,Denna,Tavener,dtavenerc@sciencedirect.com,Female,Services,6284,Russia
14,Emmalyn,Crass,ecrassd@myspace.com,Female,Research and Development,8952,Philippines
15,Mirabella,Symcox,msymcoxe@bigcartel.com,Female,Sales,4657,China
16,Tobin,Davidowich,tdavidowichf@tmall.com,Male,Business Development,3495,Indonesia
17,Ilyssa,Lowy,ilowyg@usgs.gov,Female,Business Development,6434,China
18,Avrom,Jermy,ajermyh@blinklist.com,Male,Research and Development,3051,Ukraine
19,Kira,Woodwing,kwoodwingi@mashable.com,Female,Marketing,5375,China
20,Dorthy,O'Neal,donealj@imageshack.us,Female,Human Resources,8057,Canada
21,Barbie,Brittles,bbrittlesk@army.mil,Female,Product Management,5185,China
22,Martin,Coltan,mcoltanl@posterous.com,Male,Support,8468,China
23,Terence,Gresswood,tgresswoodm@paypal.com,Male,Legal,3009,Montenegro
24,Araldo,Way,awayn@aol.com,Male,Legal,7837,Russia
25,Diego,Trimble,dtrimbleo@cloudflare.com,Male,Training,3171,Guam
26,Linell,Layfield,llayfieldp@hatena.ne.jp,Female,Services,3009,Sweden
27,Cristiano,Aberdeen,caberdeenq@domainmarket.com,Male,Research and Development,6935,Poland
28,Bartholomeus,Knight,bknightr@netvibes.com,Male,Product Management,8553,China
29,Brooke,Sebley,bsebleys@dmoz.org,Male,Sales,3047,Indonesia
30,Rafferty,Camocke,rcamocket@harvard.edu,Male,Support,5434,Colombia
31,Prince,Gannon,pgannonu@google.co.uk,Male,Engineering,8805,Indonesia
32,Peri,Rapp,prappv@nyu.edu,Female,Marketing,3920,Czech Republic
33,Jolynn,Carnock,jcarnockw@linkedin.com,Female,Engineering,6078,Moldova
34,Kyla,Vakhlov,kvakhlovx@ucsd.edu,Female,Marketing,8299,Serbia
35,Klement,Bearns,kbearnsy@upenn.edu,Male,Accounting,6777,Palestinian Territory
36,Odella,Clemenzo,oclemenzoz@zimbio.com,Female,Accounting,8894,South Africa
37,Riva,Brenton,rbrenton10@unesco.org,Female,Sales,7126,Philippines
38,Katie,McRitchie,kmcritchie11@edublogs.org,Female,Business Development,6697,Ivory Coast
39,Cara,Iozefovich,ciozefovich12@barnesandnoble.com,Female,Accounting,6179,Indonesia
40,Dimitri,Crowder,dcrowder13@histats.com,Male,Training,3915,Philippines
41,Todd,Seally,tseally14@geocities.jp,Male,Accounting,3494,Russia
42,Webb,Northidge,wnorthidge15@dion.ne.jp,Male,Research and Development,3486,Panama
43,Sheila,Ormesher,sormesher16@redcross.org,Female,Training,4558,Indonesia
44,Gustaf,Cowburn,gcowburn17@rambler.ru,Male,Services,8504,China
45,Carlyle,Baumaier,cbaumaier18@angelfire.com,Male,Sales,4254,Greece
46,Maggie,Kleinmann,mkleinmann19@nature.com,Female,Sales,5890,China
47,Payton,Martell,pmartell1a@privacy.gov.au,Male,Services,4750,Philippines
48,Lizzy,Carter,lcarter1b@cnbc.com,Female,Business Development,7209,East Timor
49,Alair,Semerad,asemerad1c@google.fr,Male,Legal,5205,China
50,Wittie,Fiddian,wfiddian1d@theguardian.com,Male,Human Resources,5367,Indonesia
51,Penny,Osgordby,posgordby1e@answers.com,Female,Services,8922,China
52,Cyndi,Goligher,cgoligher1f@jugem.jp,Female,Business Development,3377,China
53,Esme,Fludder,efludder1g@reddit.com,Male,Accounting,5477,Venezuela
54,Gillan,Wasselin,gwasselin1h@goo.gl,Female,Support,7745,Brazil
55,Harmon,Cheston,hcheston1i@xing.com,Male,Sales,6897,Brazil
56,Ewart,Mc Gorley,emcgorley1j@statcounter.com,Male,Product Management,6652,Greece
57,Shannan,Rase,srase1k@seesaa.net,Male,Business Development,4387,China
58,Deonne,Claughton,dclaughton1l@wired.com,Female,Product Management,5166,Slovenia
59,Heath,Gerardin,hgerardin1m@yahoo.co.jp,Male,Sales,7790,China
60,Umberto,Brabyn,ubrabyn1n@sogou.com,Male,Training,6958,Philippines
61,Natividad,Greim,ngreim1o@wikia.com,Female,Marketing,6987,Indonesia
62,Nesta,List,nlist1p@nba.com,Female,Training,7960,Malta
63,Josias,Nissle,jnissle1q@npr.org,Male,Legal,6942,China
64,Chiquita,Kort,ckort1r@purevolume.com,Female,Legal,3727,Russia
65,Lorelle,Watterson,lwatterson1s@ocn.ne.jp,Female,Marketing,7379,Uruguay
66,Esme,Vaen,evaen1t@newyorker.com,Male,Research and Development,6061,Netherlands
67,Chen,Iskowitz,ciskowitz1u@desdev.cn,Male,Training,8007,Armenia
68,Cesar,Abelwhite,cabelwhite1v@sphinn.com,Male,Training,6360,North Korea
69,Marlo,Bridgeman,mbridgeman1w@1688.com,Male,Training,3276,France
70,Scott,Gibbard,sgibbard1x@tripod.com,Male,Human Resources,3907,France
71,Alvinia,Deeman,adeeman1y@sciencedaily.com,Female,Sales,3626,China
72,Noelani,Layburn,nlayburn1z@huffingtonpost.com,Female,Support,8116,Canada
73,Bertha,Batsford,bbatsford20@github.com,Female,Support,6578,Portugal
74,Mead,Girardetti,mgirardetti21@apple.com,Male,Research and Development,3446,Indonesia
75,Marys,Beadham,mbeadham22@issuu.com,Female,Marketing,6718,Indonesia
76,Clim,Cannicott,ccannicott23@va.gov,Male,Accounting,6513,United States
77,Konrad,Heeron,kheeron24@howstuffworks.com,Male,Training,3589,Canada
78,Viva,McMillian,vmcmillian25@unicef.org,Female,Engineering,7600,Colombia
79,Pietrek,Trassler,ptrassler26@qq.com,Male,Support,7144,Vietnam
80,Evey,Lorenzetti,elorenzetti27@toplist.cz,Female,Sales,5331,Albania
81,Tamera,Trevaskus,ttrevaskus28@stumbleupon.com,Female,Business Development,6826,China
82,Ariel,Gelder,agelder29@yale.edu,Male,Human Resources,7266,Germany
83,Jarret,Jevons,jjevons2a@ucsd.edu,Male,Sales,4552,China
84,Mellisa,Silley,msilley2b@un.org,Female,Training,7268,Jordan
85,Davidde,Melluish,dmelluish2c@tuttocitta.it,Male,Support,4188,Russia
86,Nadia,Davidowsky,ndavidowsky2d@163.com,Female,Research and Development,4325,Mongolia
87,Patrice,Rabbitts,prabbitts2e@technorati.com,Male,Support,6115,Thailand
88,Arnoldo,Biggadyke,abiggadyke2f@wiley.com,Male,Human Resources,6355,Greece
89,Ketti,Zealy,kzealy2g@archive.org,Female,Services,8696,Costa Rica
90,Lesley,Simoncello,lsimoncello2h@squarespace.com,Male,Business Development,3517,Sierra Leone
91,Carlota,Orringe,corringe2i@independent.co.uk,Female,Business Development,5741,Micronesia
92,Laney,Roxbrough,lroxbrough2j@home.pl,Female,Engineering,5122,China
93,Odelle,Loughran,oloughran2k@time.com,Female,Services,5518,Portugal
94,Halley,Ingman,hingman2l@comcast.net,Female,Training,3355,Philippines
95,Lyndel,Trenchard,ltrenchard2m@cnn.com,Female,Sales,3462,Japan
96,Zaria,Beran,zberan2n@opensource.org,Female,Marketing,8572,Indonesia
97,Sylvan,Fishpool,sfishpool2o@cdc.gov,Male,Marketing,6317,Ecuador
98,Hale,Gascone,hgascone2p@whitehouse.gov,Male,Sales,5635,Brazil
99,Lela,Claessens,lclaessens2q@hexun.com,Female,Support,4692,Ireland
100,Tait,Batrim,tbatrim2r@patch.com,Male,Services,7096,United States
101,Kat,Westhoff,kwesthoff2s@yandex.ru,Female,Sales,5545,France
102,Melva,Ivshin,mivshin2t@google.pl,Female,Marketing,8517,Mexico
103,Baudoin,Adamczyk,badamczyk2u@rambler.ru,Male,Support,5102,Indonesia
104,Anastassia,Diviney,adiviney2v@sitemeter.com,Female,Research and Development,8102,Palau
105,Cristin,Rubberts,crubberts2w@telegraph.co.uk,Female,Training,3203,Madagascar
106,Scarlett,Fisk,sfisk2x@narod.ru,Female,Accounting,4030,Macedonia
107,Whitaker,Moreby,wmoreby2y@youtube.com,Male,Business Development,4357,Brazil
108,Adore,Andryushin,aandryushin2z@cmu.edu,Female,Product Management,3037,Philippines
109,Alexandr,Sibray,asibray30@vistaprint.com,Male,Support,5941,Colombia
110,Stewart,De Gregorio,sdegregorio31@123-reg.co.uk,Male,Human Resources,7441,Brazil
111,Brander,Claige,bclaige32@bluehost.com,Male,Legal,6787,Philippines
112,Misti,Londing,mlonding33@etsy.com,Female,Marketing,8024,Brazil
113,Nero,Bounde,nbounde34@printfriendly.com,Male,Business Development,5066,China
114,Les,Davidovics,ldavidovics35@harvard.edu,Male,Human Resources,6220,Indonesia
115,Guglielmo,Tichelaar,gtichelaar36@boston.com,Male,Legal,7045,Argentina
116,Noellyn,Fraczkiewicz,nfraczkiewicz37@latimes.com,Female,Sales,5173,Serbia
117,Brandy,Trimme,btrimme38@irs.gov,Female,Engineering,5999,Portugal
118,Kerianne,Ellicombe,kellicombe39@comcast.net,Female,Services,4863,Russia
119,Ursula,Snalham,usnalham3a@google.com,Female,Training,8733,France
120,Duane,Pizey,dpizey3b@bloglovin.com,Male,Services,9000,China
121,Erv,Matanin,ematanin3c@earthlink.net,Male,Human Resources,4496,Uganda
122,Genovera,De Filippo,gdefilippo3d@google.es,Female,Accounting,5064,Iran
123,Rurik,Botha,rbotha3e@samsung.com,Male,Legal,7328,Indonesia
124,Gage,Walkowski,gwalkowski3f@wix.com,Male,Accounting,7771,Portugal
125,Joanna,Sutherley,jsutherley3g@hexun.com,Female,Sales,8112,Philippines
126,Briano,Murkitt,bmurkitt3h@whitehouse.gov,Male,Support,5484,Jamaica
127,Gan,Sarvar,gsarvar3i@geocities.com,Male,Engineering,8311,Czech Republic
128,Rodger,Moroney,rmoroney3j@reverbnation.com,Male,Human Resources,6817,Philippines
129,Haskell,Birtles,hbirtles3k@elegantthemes.com,Male,Training,3209,China
130,Muffin,Conahy,mconahy3l@freewebs.com,Male,Accounting,5239,Portugal
131,Randa,Lowten,rlowten3m@pbs.org,Female,Product Management,7201,Palestinian Territory
132,Augustina,Blackall,ablackall3n@networkadvertising.org,Female,Legal,3924,Indonesia
133,Almeta,Castellaccio,acastellaccio3o@fda.gov,Female,Sales,8336,Indonesia
134,Kelcie,Tiffany,ktiffany3p@typepad.com,Female,Human Resources,4452,Ecuador
135,Nil,Axcel,naxcel3q@fc2.com,Male,Training,8473,Thailand
136,Kasper,Waghorne,kwaghorne3r@networksolutions.com,Male,Research and Development,6574,China
137,Dyane,Rathke,drathke3s@google.es,Female,Support,3260,Serbia
138,Charlotte,Cushion,ccushion3t@china.com.cn,Female,Services,8426,Croatia
139,Rori,Skippen,rskippen3u@hc360.com,Female,Product Management,7051,China
140,Jamal,Voce,jvoce3v@purevolume.com,Male,Services,3387,Indonesia
141,Bradan,Ismead,bismead3w@squidoo.com,Male,Accounting,7381,Brazil
142,Erasmus,Audiss,eaudiss3x@epa.gov,Male,Marketing,7789,Jamaica
143,Killian,Herreran,kherreran3y@devhub.com,Male,Business Development,8264,China
144,Mikol,Kroin,mkroin3z@merriam-webster.com,Male,Product Management,6765,Azerbaijan
145,Ritchie,Dimberline,rdimberline40@yandex.ru,Male,Legal,5517,Peru
146,Sam,Lamberts,slamberts41@washingtonpost.com,Female,Legal,5942,Ukraine
147,Anna-maria,Wilton,awilton42@gnu.org,Female,Human Resources,8458,Netherlands
148,Lanae,Bynold,lbynold43@dailymotion.com,Female,Legal,4331,Philippines
149,Gordy,Mahony,gmahony44@irs.gov,Male,Human Resources,5001,France
150,Gabriel,Ditchett,gditchett45@eepurl.com,Female,Engineering,4657,Philippines
151,Jenn,Alexsandrowicz,jalexsandrowicz46@ezinearticles.com,Female,Marketing,8484,Russia
152,Fransisco,Roser,froser47@naver.com,Male,Research and Development,4565,Czech Republic
153,Ian,Moreno,imoreno48@seattletimes.com,Male,Accounting,3923,Portugal
154,Gisella,Cromie,gcromie49@craigslist.org,Female,Legal,7867,China
155,Fonzie,Maultby,fmaultby4a@berkeley.edu,Male,Training,7859,Afghanistan
156,Even,Kidds,ekidds4b@vkontakte.ru,Male,Marketing,7005,Malaysia
157,Maria,Hince,mhince4c@hexun.com,Female,Support,4185,Indonesia
158,Field,Summerton,fsummerton4d@hexun.com,Male,Training,4987,Indonesia
159,Tuck,Crossby,tcrossby4e@wix.com,Male,Engineering,4711,China
160,Cathleen,Chicotti,cchicotti4f@ca.gov,Female,Sales,3593,Afghanistan
161,King,Behning,kbehning4g@pagesperso-orange.fr,Male,Human Resources,7875,China
162,Irvine,Cashman,icashman4h@army.mil,Male,Engineering,5509,China
163,Idell,Rowdell,irowdell4i@nbcnews.com,Female,Support,7673,Philippines
164,Killy,Macellar,kmacellar4j@angelfire.com,Male,Support,7248,Philippines
165,Annadiana,Crennell,acrennell4k@accuweather.com,Female,Marketing,3306,Mali
166,Malchy,Baudasso,mbaudasso4l@e-recht24.de,Male,Product Management,4928,Russia
167,Edik,Minithorpe,eminithorpe4m@ask.com,Male,Business Development,6549,Malaysia
168,Wat,Haggidon,whaggidon4n@ning.com,Male,Business Development,7716,Russia
169,Marlee,Toffts,mtoffts4o@forbes.com,Female,Marketing,4831,Mongolia
170,Homer,Avery,havery4p@nih.gov,Male,Accounting,4093,Brazil
171,Claudina,Andrault,candrault4q@goodreads.com,Female,Product Management,6873,United States
172,Edeline,Bendik,ebendik4r@nbcnews.com,Female,Services,8038,Nigeria
173,Annamarie,Cassely,acassely4s@github.io,Female,Marketing,6350,Russia
174,Willi,Walpole,wwalpole4t@stanford.edu,Male,Sales,3162,Mongolia
175,Courtney,Mattingson,cmattingson4u@cmu.edu,Male,Accounting,3068,Greece
176,Norah,Bemand,nbemand4v@google.pl,Female,Research and Development,8699,Bolivia
177,Cam,Matuskiewicz,cmatuskiewicz4w@hibu.com,Male,Services,7416,Tanzania
178,Beverlee,Inchboard,binchboard4x@bbb.org,Female,Accounting,7096,Sweden
179,Jarrad,Veldstra,jveldstra4y@deliciousdays.com,Male,Engineering,8967,China
180,Morna,Bahde,mbahde4z@edublogs.org,Female,Product Management,8988,Japan
181,Kat,Stonall,kstonall50@stanford.edu,Female,Support,4698,Indonesia
182,Vicki,Larchier,vlarchier51@tinyurl.com,Female,Training,8612,Colombia
183,Ethelin,McCurlye,emccurlye52@wsj.com,Female,Accounting,4209,Madagascar
184,Audi,Skein,askein53@canalblog.com,Female,Services,6287,Russia
185,Karlotte,Schonfelder,kschonfelder54@ask.com,Female,Research and Development,8071,China
186,Hermie,Rein,hrein55@jalbum.net,Male,Engineering,7525,Tunisia
187,Duffie,Geeraert,dgeeraert56@nifty.com,Male,Accounting,7165,Brazil
188,Leodora,Buist,lbuist57@kickstarter.com,Female,Accounting,5328,Sweden
189,Paolo,Rowlson,prowlson58@multiply.com,Male,Product Management,3780,Russia
190,Evvy,Gellion,egellion59@webnode.com,Female,Engineering,8933,Azerbaijan
191,Windham,Thurber,wthurber5a@timesonline.co.uk,Male,Human Resources,5685,Mexico
192,Kiersten,Wenman,kwenman5b@go.com,Female,Legal,6746,Portugal
193,Rolfe,Alekhov,ralekhov5c@fda.gov,Male,Sales,7396,Brazil
194,Carver,Bartlam,cbartlam5d@sun.com,Male,Services,7090,Poland
195,Lacy,Scarlin,lscarlin5e@multiply.com,Female,Product Management,7495,China
196,Shanda,Humpherston,shumpherston5f@stumbleupon.com,Female,Marketing,7418,China
197,Georgette,Moggie,gmoggie5g@cyberchimps.com,Female,Business Development,5205,Greece
198,Randie,Ruzic,rruzic5h@accuweather.com,Male,Human Resources,4317,Indonesia
199,Jobie,McIlwreath,jmcilwreath5i@amazon.co.jp,Female,Human Resources,3932,Philippines
200,Riley,Sliney,rsliney5j@taobao.com,Male,Sales,8349,Philippines
201,Deeyn,Summersby,dsummersby5k@ehow.com,Female,Marketing,3742,Finland
202,Chandra,Dosdell,cdosdell5l@hexun.com,Female,Services,5631,Poland
203,Randolph,Treleaven,rtreleaven5m@woothemes.com,Male,Human Resources,6095,Greece
204,Maury,O'Cullen,mocullen5n@toplist.cz,Male,Marketing,3085,Argentina
205,Stearne,Walstow,swalstow5o@cam.ac.uk,Male,Support,3230,Indonesia
206,Melba,Serle,mserle5p@wikispaces.com,Female,Engineering,4265,China
207,Tobe,Ife,tife5q@amazon.de,Female,Engineering,3893,Poland
208,Robby,Andres,randres5r@reverbnation.com,Female,Marketing,6314,Russia
209,Dareen,Vallack,dvallack5s@cocolog-nifty.com,Female,Services,4110,Portugal
210,Zolly,Craigie,zcraigie5t@va.gov,Male,Business Development,5070,Poland
211,Aksel,Mebes,amebes5u@cornell.edu,Male,Support,4183,Poland
212,Whitman,Ravelus,wravelus5v@hud.gov,Male,Product Management,6244,Indonesia
213,Todd,Scurry,tscurry5w@tamu.edu,Male,Research and Development,7113,Ukraine
214,Fania,Fridlington,ffridlington5x@cafepress.com,Female,Accounting,4024,Canada
215,Garold,Boshell,gboshell5y@blogtalkradio.com,Male,Product Management,7799,Nigeria
216,Cesya,Norridge,cnorridge5z@thetimes.co.uk,Female,Engineering,5196,China
217,Wildon,Tomich,wtomich60@feedburner.com,Male,Sales,8276,Tonga
218,Des,Vittel,dvittel61@npr.org,Male,Human Resources,6417,Philippines
219,Annalee,Annis,aannis62@howstuffworks.com,Female,Sales,4413,France
220,Baryram,Richley,brichley63@uol.com.br,Male,Research and Development,3045,Indonesia
221,Carolee,McCourtie,cmccourtie64@bbb.org,Female,Engineering,7030,China
222,Homer,D'Ambrosio,hdambrosio65@skype.com,Male,Marketing,6228,Angola
223,Deane,Scholz,dscholz66@ustream.tv,Male,Training,6620,Madagascar
224,Kingsley,Connew,kconnew67@mapy.cz,Male,Accounting,6313,Philippines
225,Trefor,Johnston,tjohnston68@dell.com,Male,Training,5401,China
226,Josh,Crowest,jcrowest69@mtv.com,Male,Business Development,3446,Ukraine
227,Kiri,Biddulph,kbiddulph6a@cnn.com,Female,Product Management,6911,China
228,Dee dee,Oldacres,doldacres6b@elpais.com,Female,Legal,7565,China
229,Cam,Pilmore,cpilmore6c@sun.com,Female,Business Development,6541,Kazakhstan
230,Duffy,Leglise,dleglise6d@reddit.com,Male,Accounting,8448,Angola
231,Camala,Saintsbury,csaintsbury6e@alibaba.com,Female,Training,5337,China
232,Maridel,Van Arsdall,mvanarsdall6f@sbwire.com,Female,Accounting,5918,Japan
233,Melitta,Oldmeadow,moldmeadow6g@google.ca,Female,Engineering,4421,Philippines
234,Romain,Raffin,rraffin6h@time.com,Male,Business Development,3058,Indonesia
235,Regan,Lynch,rlynch6i@utexas.edu,Male,Support,7041,Norway
236,Kurtis,Hammett,khammett6j@hao123.com,Male,Product Management,3759,Japan
237,Winfred,McCaughran,wmccaughran6k@phpbb.com,Male,Research and Development,3004,United States
238,Agnella,Gillaspy,agillaspy6l@dmoz.org,Female,Sales,5108,China
239,Kiel,Bidnall,kbidnall6m@seattletimes.com,Male,Marketing,7974,Morocco
240,Eloise,Adney,eadney6n@aboutads.info,Female,Legal,7602,Andorra
241,Josephine,Thonger,jthonger6o@taobao.com,Female,Human Resources,5297,South Africa
242,Leone,Copas,lcopas6p@reverbnation.com,Female,Legal,3060,France
243,Ketty,Rogier,krogier6q@4shared.com,Female,Support,8222,China
244,Aubrey,Coomer,acoomer6r@chicagotribune.com,Male,Accounting,7999,China
245,Hedwiga,Farndell,hfarndell6s@acquirethisname.com,Female,Sales,3777,Brazil
246,Broderick,Kibard,bkibard6t@ycombinator.com,Male,Support,4348,China
247,Kellsie,Brisker,kbrisker6u@businesswire.com,Female,Human Resources,3514,Cyprus
248,Meris,Burriss,mburriss6v@telegraph.co.uk,Female,Accounting,8102,China
249,Harry,O'Siaghail,hosiaghail6w@sogou.com,Male,Product Management,7757,Philippines
250,Jayne,Aluard,jaluard6x@google.it,Female,Engineering,3476,Ireland
251,Wain,Ibbeson,wibbeson6y@zdnet.com,Male,Accounting,3913,Peru
252,Urbain,Bartell,ubartell6z@free.fr,Male,Marketing,8054,Montenegro
253,Griffie,Ollet,gollet70@blogspot.com,Male,Engineering,4052,Greece
254,Fee,Dore,fdore71@xing.com,Male,Support,8759,Portugal
255,Holli,Maunsell,hmaunsell72@economist.com,Female,Services,7914,Sweden
256,Bernarr,Lante,blante73@princeton.edu,Male,Support,3213,China
257,La verne,Lay,llay74@livejournal.com,Female,Sales,6241,China
258,Rickey,Balaisot,rbalaisot75@addtoany.com,Male,Sales,8703,Indonesia
259,Bartel,Troucher,btroucher76@redcross.org,Male,Research and Development,4757,Israel
260,Kalil,Treadaway,ktreadaway77@fotki.com,Male,Legal,7935,China
261,Peyter,Littledyke,plittledyke78@ning.com,Male,Engineering,8200,Portugal
262,Dag,Knagges,dknagges79@earthlink.net,Male,Research and Development,5847,China
263,Ophelie,Brellin,obrellin7a@phoca.cz,Female,Human Resources,5999,Belize
264,Jeanie,Kirkam,jkirkam7b@vk.com,Female,Services,8234,South Africa
265,Lazar,Skinn,lskinn7c@weibo.com,Male,Research and Development,4528,Philippines
266,Farly,Collecott,fcollecott7d@blogtalkradio.com,Male,Legal,7875,Croatia
267,Kliment,Whapples,kwhapples7e@creativecommons.org,Male,Legal,8867,United States
268,Chickie,De Cristoforo,cdecristoforo7f@vimeo.com,Female,Human Resources,6161,China
269,Sallee,Suddick,ssuddick7g@tmall.com,Female,Accounting,4369,Tajikistan
270,Aguie,Newbigging,anewbigging7h@narod.ru,Male,Research and Development,6694,Malaysia
271,Melessa,Monier,mmonier7i@comcast.net,Female,Legal,7715,China
272,Sarette,Gatehouse,sgatehouse7j@fastcompany.com,Female,Services,8425,China
273,Carmen,Emmert,cemmert7k@fda.gov,Female,Research and Development,4130,China
274,Ban,Klejna,bklejna7l@newsvine.com,Male,Training,6380,Argentina
275,Kerstin,Laybourne,klaybourne7m@ehow.com,Female,Human Resources,5306,Indonesia
276,Roobbie,Paten,rpaten7n@rakuten.co.jp,Female,Product Management,8966,Venezuela
277,Alidia,Crocetti,acrocetti7o@guardian.co.uk,Female,Training,6258,Thailand
278,Brodie,Maryin,bmaryin7p@mashable.com,Male,Support,5900,China
279,Abbott,Chrichton,achrichton7q@alibaba.com,Male,Training,8339,Guatemala
280,Dianne,Stolberg,dstolberg7r@ft.com,Female,Training,5739,China
281,Constantino,Gull,cgull7s@cnbc.com,Male,Legal,4329,Indonesia
282,Clair,Harken,charken7t@slate.com,Female,Marketing,5281,Mexico
283,Dina,Gatrill,dgatrill7u@symantec.com,Female,Research and Development,8349,Russia
284,Bridget,Gallaher,bgallaher7v@scientificamerican.com,Female,Sales,8020,Russia
285,Quinton,Oats,qoats7w@chicagotribune.com,Male,Research and Development,3652,Belarus
286,Mick,Linsay,mlinsay7x@usgs.gov,Male,Services,8354,South Africa
287,Arlyn,Lemanu,alemanu7y@github.io,Female,Sales,5217,China
288,Idalina,Tuxsell,ituxsell7z@ocn.ne.jp,Female,Training,4226,Indonesia
289,Mindy,Shakshaft,mshakshaft80@usnews.com,Female,Services,7139,Ecuador
290,Rodrique,De Bruijn,rdebruijn81@photobucket.com,Male,Legal,3897,Indonesia
291,Kayley,Leadbitter,kleadbitter82@sun.com,Female,Support,8561,Indonesia
292,Frasco,Ferrini,fferrini83@earthlink.net,Male,Research and Development,7470,China
293,Stanleigh,Shurmer,sshurmer84@usa.gov,Male,Marketing,4643,Thailand
294,Bradley,Peskin,bpeskin85@vkontakte.ru,Male,Sales,7223,Portugal
295,Corrinne,MacNally,cmacnally86@privacy.gov.au,Female,Research and Development,6600,Nigeria
296,Brina,Drohan,bdrohan87@prweb.com,Female,Business Development,7609,Poland
297,Leona,Purbrick,lpurbrick88@delicious.com,Female,Marketing,8362,Sweden
298,Concettina,Borrett,cborrett89@ovh.net,Female,Services,4625,Indonesia
299,Marcia,Kelcher,mkelcher8a@prnewswire.com,Female,Marketing,7977,Portugal
300,Erminia,Cuttles,ecuttles8b@state.gov,Female,Engineering,6192,Croatia
301,Peadar,Mehew,pmehew8c@topsy.com,Male,Support,5742,Indonesia
302,Maje,Gosby,mgosby8d@freewebs.com,Male,Support,3424,China
303,Beverly,McAlees,bmcalees8e@de.vu,Female,Business Development,7098,China
304,Arne,Jendas,ajendas8f@ebay.com,Male,Training,5782,France
305,Marabel,Offa,moffa8g@drupal.org,Female,Training,4667,North Korea
306,Bethena,Peert,bpeert8h@msn.com,Female,Product Management,4201,Philippines
307,Homerus,Vear,hvear8i@diigo.com,Male,Training,5683,Brazil
308,Giustina,Blamires,gblamires8j@nih.gov,Female,Accounting,6812,Bulgaria
309,Gustavo,Merwe,gmerwe8k@sitemeter.com,Male,Services,7057,China
310,Ardenia,Davie,adavie8l@un.org,Female,Engineering,3585,Zimbabwe
311,Derrick,Drage,ddrage8m@apache.org,Male,Engineering,5691,China
312,Karlis,McTrustram,kmctrustram8n@xing.com,Male,Support,4836,Portugal
313,Madge,Linggard,mlinggard8o@seesaa.net,Female,Training,4660,Ukraine
314,Mace,Cosby,mcosby8p@blogtalkradio.com,Male,Research and Development,8948,Philippines
315,Tyne,Swepstone,tswepstone8q@example.com,Female,Services,6053,United States
316,Frasco,Tandey,ftandey8r@state.tx.us,Male,Business Development,3951,Nigeria
317,Minda,Andrichuk,mandrichuk8s@goo.gl,Female,Business Development,7274,Portugal
318,Eddie,Winspire,ewinspire8t@taobao.com,Male,Business Development,5611,Poland
319,Kelcey,Diable,kdiable8u@theatlantic.com,Female,Legal,3456,Brazil
320,Winfield,Sate,wsate8v@liveinternet.ru,Male,Services,3795,Russia
321,Wolf,Guest,wguest8w@google.cn,Male,Accounting,6655,China
322,Horten,Belward,hbelward8x@guardian.co.uk,Male,Accounting,7925,Indonesia
323,Katrinka,Bazoche,kbazoche8y@yellowpages.com,Female,Marketing,7061,France
324,Walther,Laundon,wlaundon8z@joomla.org,Male,Marketing,5234,United Kingdom
325,Caralie,Thairs,cthairs90@discovery.com,Female,Business Development,8108,China
326,Sascha,Alecock,salecock91@woothemes.com,Female,Sales,8851,Canada
327,Fran,Chiese,fchiese92@gnu.org,Male,Accounting,7861,Sweden
328,Maggy,Sturr,msturr93@hc360.com,Female,Sales,7804,Philippines
329,Janenna,Josefovic,jjosefovic94@imageshack.us,Female,Support,3606,Ireland
330,Tybie,Cowterd,tcowterd95@rediff.com,Female,Support,7699,China
331,Berke,Tipping,btipping96@google.co.jp,Male,Sales,6519,China
332,Sonya,Lympany,slympany97@google.com.hk,Female,Services,8456,Brazil
333,Olympia,Botha,obotha98@amazon.de,Female,Marketing,4466,Russia
334,Wendy,Ditzel,wditzel99@amazon.de,Female,Product Management,8275,Palestinian Territory
335,Ennis,Benazet,ebenazet9a@cafepress.com,Male,Human Resources,8854,Iran
336,Padriac,McKinty,pmckinty9b@google.com.au,Male,Accounting,7079,Japan
337,Dewain,Lembke,dlembke9c@themeforest.net,Male,Human Resources,7570,Portugal
338,Artur,Gleed,agleed9d@reverbnation.com,Male,Product Management,8490,Nigeria
339,Abelard,Clive,aclive9e@typepad.com,Male,Research and Development,6705,Portugal
340,Bruis,Element,belement9f@amazon.com,Male,Marketing,8478,Russia
341,Kilian,Note,knote9g@google.com.au,Male,Research and Development,4635,Ethiopia
342,Lisbeth,Jodlowski,ljodlowski9h@amazon.com,Female,Human Resources,4901,Poland
343,Sinclair,Beaten,sbeaten9i@hhs.gov,Male,Engineering,6423,Argentina
344,Carlie,Hedau,chedau9j@vkontakte.ru,Male,Accounting,3524,Russia
345,Merl,Rosenbaum,mrosenbaum9k@go.com,Female,Training,8334,Russia
346,Dottie,Hovy,dhovy9l@columbia.edu,Female,Support,5599,Indonesia
347,Worth,Pittoli,wpittoli9m@amazon.co.jp,Male,Training,4673,Botswana
348,Bernardine,Merle,bmerle9n@columbia.edu,Female,Research and Development,7198,China
349,Hanson,Seller,hseller9o@comsenz.com,Male,Training,8015,Paraguay
350,Dacia,McCurley,dmccurley9p@theguardian.com,Female,Services,3024,Indonesia
351,Bengt,Cowburn,bcowburn9q@mozilla.org,Male,Services,5263,Indonesia
352,Gunter,Sheed,gsheed9r@tinyurl.com,Male,Sales,3481,Macedonia
353,Hermy,Laweles,hlaweles9s@nytimes.com,Male,Legal,6501,China
354,Josiah,Do Rosario,jdorosario9t@histats.com,Male,Accounting,8344,Poland
355,Noach,Pocknoll,npocknoll9u@dailymail.co.uk,Male,Product Management,6792,Israel
356,Sybilla,Fairbeard,sfairbeard9v@shutterfly.com,Female,Training,7571,Finland
357,Iona,Morphet,imorphet9w@altervista.org,Female,Research and Development,7791,Russia
358,Smitty,Cogdell,scogdell9x@slate.com,Male,Research and Development,4887,Poland
359,Giraldo,Feldstern,gfeldstern9y@gnu.org,Male,Engineering,3687,Poland
360,Myrta,Riseam,mriseam9z@youtu.be,Female,Engineering,7717,Togo
361,Thorsten,Pecht,tpechta0@domainmarket.com,Male,Marketing,5959,China
362,Harold,Killik,hkillika1@spiegel.de,Male,Training,8361,Philippines
363,Pansie,Lapham,plaphama2@dropbox.com,Female,Support,5440,China
364,Daron,Minogue,dminoguea3@discuz.net,Male,Sales,8414,China
365,Susanna,Vincent,svincenta4@goo.gl,Female,Human Resources,6540,Philippines
366,Lucais,Standbrook,lstandbrooka5@ebay.co.uk,Male,Research and Development,4266,Vietnam
367,Nolan,Goodacre,ngoodacrea6@g.co,Male,Business Development,4650,Portugal
368,Joice,Odams,jodamsa7@nifty.com,Female,Marketing,4573,Malaysia
369,Mellie,Hue,mhuea8@reference.com,Female,Human Resources,4847,France
370,Dulcinea,Mouatt,dmouatta9@vk.com,Female,Marketing,8355,Rwanda
371,Tabbitha,Oaten,toatenaa@wufoo.com,Female,Sales,5048,Cameroon
372,Roxie,Braznell,rbraznellab@bigcartel.com,Female,Engineering,3194,Portugal
373,Ossie,Guinnane,oguinnaneac@etsy.com,Male,Product Management,4936,Portugal
374,Jamie,Bottle,jbottlead@jigsy.com,Male,Support,7758,Chad
375,Fleur,Pressnell,fpressnellae@oaic.gov.au,Female,Legal,8991,Indonesia
376,Walliw,Davidoff,wdavidoffaf@nature.com,Female,Research and Development,6357,Guatemala
377,Patrizia,Grimble,pgrimbleag@booking.com,Female,Legal,3249,Philippines
378,Marlon,Sullivan,msullivanah@jiathis.com,Male,Accounting,5378,China
379,Robinette,Dupoy,rdupoyai@newsvine.com,Female,Engineering,7799,China
380,Shawn,Eaden,seadenaj@goodreads.com,Male,Marketing,3413,Netherlands
381,Jsandye,Rhymes,jrhymesak@bizjournals.com,Female,Sales,3718,Sweden
382,Shurlocke,Olphert,solphertal@creativecommons.org,Male,Services,7608,Philippines
383,Renado,Ernke,rernkeam@ft.com,Male,Services,7786,Russia
384,Gina,Morter,gmorteran@networksolutions.com,Female,Product Management,3877,Sweden
385,Westleigh,Castelli,wcastelliao@nytimes.com,Male,Accounting,3302,China
386,Renee,Foulsham,rfoulshamap@dailymotion.com,Female,Legal,7619,Nigeria
387,Prudy,End,pendaq@answers.com,Female,Business Development,4996,China
388,Ewart,Colliard,ecolliardar@go.com,Male,Marketing,5811,Sweden
389,Meier,O'Currane,mocurraneas@tmall.com,Male,Marketing,3694,Argentina
390,Sigismond,Fenby,sfenbyat@mail.ru,Male,Engineering,4698,France
391,Sherlock,Parzis,sparzisau@hostgator.com,Male,Sales,3265,China
392,Brinna,Sympson,bsympsonav@lycos.com,Female,Support,6999,Ivory Coast
393,Alta,Blaasch,ablaaschaw@studiopress.com,Female,Engineering,8983,Palestinian Territory
394,Ashlin,Sydry,asydryax@google.es,Male,Human Resources,6444,Estonia
395,Shermy,Pencott,spencottay@storify.com,Male,Human Resources,5018,Honduras
396,Elwira,Benedtti,ebenedttiaz@businessinsider.com,Female,Accounting,5255,Brazil
397,Jamill,Skalls,jskallsb0@amazon.co.uk,Male,Human Resources,8081,Japan
398,Ariela,Berston,aberstonb1@discuz.net,Female,Services,5060,France
399,Pall,Merry,pmerryb2@mayoclinic.com,Male,Marketing,6549,France
400,Ossie,Lippingwell,olippingwellb3@hatena.ne.jp,Male,Business Development,6724,Bulgaria
401,Bone,Rubery,bruberyb4@gravatar.com,Male,Product Management,8049,Mexico
402,Toby,Zeplin,tzeplinb5@sina.com.cn,Female,Human Resources,3153,Philippines
403,Mariette,Griston,mgristonb6@theglobeandmail.com,Female,Accounting,4977,Sweden
404,Lucius,Childers,lchildersb7@google.es,Male,Training,6659,Portugal
405,Lauritz,Trunby,ltrunbyb8@w3.org,Male,Research and Development,5955,Indonesia
406,Cal,Kirstein,ckirsteinb9@harvard.edu,Female,Accounting,8319,Nigeria
407,Wallis,Pendock,wpendockba@wikia.com,Female,Product Management,6511,Afghanistan
408,Amelina,Okill,aokillbb@salon.com,Female,Engineering,5146,Poland
409,Reinaldos,Woodyear,rwoodyearbc@amazon.co.uk,Male,Accounting,6931,Russia
410,Caz,Coyett,ccoyettbd@thetimes.co.uk,Male,Accounting,8272,Peru
411,Beverlie,Oldmeadow,boldmeadowbe@globo.com,Female,Product Management,8106,Brazil
412,Kermy,Champain,kchampainbf@squarespace.com,Male,Accounting,8716,France
413,Meghan,McKimm,mmckimmbg@cnet.com,Female,Business Development,3176,Czech Republic
414,Brandice,Cockren,bcockrenbh@gov.uk,Female,Support,3531,Japan
415,Milissent,Morphey,mmorpheybi@jugem.jp,Female,Support,6928,Colombia
416,Jessy,Gaine of England,jgaineofenglandbj@list-manage.com,Female,Sales,6557,Sweden
417,Kenna,Kearsley,kkearsleybk@google.ru,Female,Engineering,7124,China
418,Kenny,Hulse,khulsebl@cocolog-nifty.com,Male,Research and Development,7959,China
419,Elfrida,Herley,eherleybm@domainmarket.com,Female,Marketing,6445,Trinidad and Tobago
420,Jo,Celand,jcelandbn@google.nl,Female,Legal,3755,Russia
421,Waring,Halmkin,whalmkinbo@artisteer.com,Male,Research and Development,6120,Indonesia
422,Pam,Falla,pfallabp@tiny.cc,Female,Marketing,6084,Chile
423,Sherwood,Falla,sfallabq@topsy.com,Male,Marketing,7708,Bulgaria
424,Stacy,Abbay,sabbaybr@google.pl,Male,Engineering,6560,Russia
425,Nanni,Dresche,ndreschebs@redcross.org,Female,Support,8241,Latvia
426,Krysta,Fearnyough,kfearnyoughbt@ifeng.com,Female,Sales,6505,Brazil
427,Ingrid,Moyse,imoysebu@github.com,Female,Services,6124,Philippines
428,Diarmid,Feragh,dferaghbv@youtu.be,Male,Marketing,4917,Indonesia
429,Lezley,Vynoll,lvynollbw@ucla.edu,Male,Research and Development,6075,Peru
430,Yankee,Chmiel,ychmielbx@who.int,Male,Marketing,7211,Brazil
431,Justus,McPharlain,jmcpharlainby@aol.com,Male,Engineering,8384,Qatar
432,Keith,Meugens,kmeugensbz@slate.com,Male,Business Development,7533,Greece
433,Lou,Cohrs,lcohrsc0@elpais.com,Male,Accounting,8773,Nigeria
434,Harris,Shepeard,hshepeardc1@virginia.edu,Male,Business Development,6708,Bulgaria
435,Sherlock,Swindells,sswindellsc2@php.net,Male,Product Management,4334,New Zealand
436,Clement,Wyke,cwykec3@home.pl,Male,Services,8814,Thailand
437,Audie,Munning,amunningc4@yelp.com,Female,Training,5098,Bolivia
438,Fran,Sleney,fsleneyc5@oakley.com,Female,Engineering,3099,China
439,Alf,MacKegg,amackeggc6@netvibes.com,Male,Human Resources,5437,Venezuela
440,Quentin,Reggiani,qreggianic7@geocities.jp,Female,Legal,3569,Indonesia
441,Rani,De la Barre,rdelabarrec8@columbia.edu,Female,Accounting,5714,China
442,Elicia,Knappe,eknappec9@biglobe.ne.jp,Female,Training,5107,China
443,Ryley,Featonby,rfeatonbyca@livejournal.com,Male,Engineering,6787,Yemen
444,Bondy,Lars,blarscb@smh.com.au,Male,Legal,3497,Ukraine
445,Letti,Sorel,lsorelcc@4shared.com,Female,Human Resources,6193,Cameroon
446,Clarie,Gratrix,cgratrixcd@is.gd,Female,Engineering,5619,Democratic Republic of the Congo
447,Moore,Manueau,mmanueauce@weather.com,Male,Product Management,3577,Ukraine
448,Brandy,Elderbrant,belderbrantcf@usatoday.com,Female,Accounting,7154,China
449,Goran,O'Donoghue,godonoghuecg@washingtonpost.com,Male,Engineering,8939,Bosnia and Herzegovina
450,Shirlene,Lainge,slaingech@altervista.org,Female,Sales,3915,Greece
451,Franzen,Cobby,fcobbyci@shop-pro.jp,Male,Accounting,7429,Ukraine
452,Lenora,Langdon,llangdoncj@goo.ne.jp,Female,Business Development,7868,Comoros
453,Janith,Habden,jhabdenck@lycos.com,Female,Services,4223,Panama
454,Nadine,Kyd,nkydcl@nbcnews.com,Female,Marketing,5953,France
455,Chrissy,Drescher,cdreschercm@icq.com,Male,Legal,5206,Russia
456,Bili,Geraldini,bgeraldinicn@homestead.com,Female,Marketing,4872,Syria
457,Nikolos,Stallion,nstallionco@qq.com,Male,Accounting,6323,Hungary
458,Shelia,Fanshawe,sfanshawecp@apache.org,Female,Training,5355,Sweden
459,Duff,Farrey,dfarreycq@livejournal.com,Male,Sales,3437,Kosovo
460,Atalanta,Petruskevich,apetruskevichcr@fc2.com,Female,Engineering,5058,New Caledonia
461,Rik,Bourrel,rbourrelcs@usnews.com,Male,Support,8854,Philippines
462,Noll,Maggi,nmaggict@xrea.com,Male,Accounting,8173,Greece
463,Rosemarie,Pauli,rpaulicu@amazon.co.uk,Female,Accounting,4140,Niger
464,Ivor,Stevenson,istevensoncv@newsvine.com,Male,Marketing,6596,Japan
465,Elfreda,Streeter,estreetercw@prlog.org,Female,Training,8823,Canada
466,Benson,Dunsford,bdunsfordcx@alibaba.com,Male,Accounting,6744,Colombia
467,Cori,Gallanders,cgallanderscy@edublogs.org,Male,Training,6092,China
468,Carmita,Newbigging,cnewbiggingcz@vimeo.com,Female,Research and Development,6549,China
469,Nydia,McArthur,nmcarthurd0@gmpg.org,Female,Support,8949,China
470,Gearard,Bowie,gbowied1@senate.gov,Male,Engineering,5641,Croatia
471,Stepha,Compford,scompfordd2@bloglines.com,Female,Support,7726,China
472,Collete,Pisculli,cpiscullid3@cargocollective.com,Female,Legal,8594,Germany
473,Prescott,Ussher,pussherd4@wikia.com,Male,Legal,3336,Poland
474,Dominique,Claeskens,dclaeskensd5@fastcompany.com,Female,Support,3802,Philippines
475,Rhona,Sawart,rsawartd6@marriott.com,Female,Legal,3713,China
476,Mala,Wenden,mwendend7@ihg.com,Female,Marketing,8251,Sudan
477,Emerson,Broderick,ebroderickd8@mlb.com,Male,Research and Development,5911,China
478,Temp,Porritt,tporrittd9@prnewswire.com,Male,Business Development,5167,China
479,Uriel,Fredi,ufredida@foxnews.com,Male,Services,5245,Poland
480,Berton,Burtwhistle,bburtwhistledb@china.com.cn,Male,Services,4406,Mexico
481,Galvin,Batson,gbatsondc@barnesandnoble.com,Male,Human Resources,4790,Russia
482,Falkner,Mowsley,fmowsleydd@xinhuanet.com,Male,Engineering,7068,Poland
483,Trey,Cobbold,tcobboldde@phpbb.com,Male,Engineering,8402,China
484,Romeo,Grafom,rgrafomdf@dell.com,Male,Research and Development,3391,Vietnam
485,Giorgia,Tathacott,gtathacottdg@infoseek.co.jp,Female,Business Development,7318,Austria
486,Kit,Lilburne,klilburnedh@skype.com,Male,Business Development,4595,Nigeria
487,Neville,Sawrey,nsawreydi@boston.com,Male,Services,7063,Ukraine
488,Huntley,Skyrm,hskyrmdj@cam.ac.uk,Male,Engineering,4469,China
489,Ciel,Taylor,ctaylordk@cocolog-nifty.com,Female,Sales,5233,Armenia
490,Melva,Aartsen,maartsendl@icio.us,Female,Marketing,4890,United States
491,Valentina,Lettson,vlettsondm@hc360.com,Female,Human Resources,4066,Saint Kitts and Nevis
492,Jarrett,Lange,jlangedn@usnews.com,Male,Training,6099,Kiribati
493,Maryrose,Lepope,mlepopedo@gov.uk,Female,Research and Development,6617,China
494,Natalee,Beteriss,nbeterissdp@msu.edu,Female,Marketing,5407,China
495,Doug,Ferrarone,dferraronedq@xing.com,Male,Product Management,8739,Philippines
496,Emelyne,Randales,erandalesdr@businessweek.com,Female,Sales,7477,Slovenia
497,Dodie,Castagneri,dcastagnerids@gizmodo.com,Female,Business Development,4347,United States
498,Ricky,Heam,rheamdt@wordpress.com,Male,Support,3755,United States
499,Maximilianus,Battista,mbattistadu@fema.gov,Male,Accounting,7075,Portugal
500,Gilles,Dinnage,gdinnagedv@census.gov,Male,Legal,4994,Russia
501,Even,Balint,ebalintdw@homestead.com,Male,Support,7543,Sweden
502,Dannel,Jowers,djowersdx@merriam-webster.com,Male,Sales,3067,Argentina
503,Ashlen,Galland,agallanddy@army.mil,Female,Training,8817,Armenia
504,Nessie,Milby,nmilbydz@pinterest.com,Female,Support,5139,Poland
505,Gabbi,Mobbs,gmobbse0@mapquest.com,Female,Marketing,3423,China
506,Urban,Merriman,umerrimane1@seesaa.net,Male,Business Development,6098,Argentina
507,Reynard,O'Donegan,rodonegane2@typepad.com,Male,Training,3110,Madagascar
508,Cyrillus,Betteney,cbetteneye3@tmall.com,Male,Business Development,5128,Ukraine
509,Irving,Fawssett,ifawssette4@theglobeandmail.com,Male,Accounting,3667,Gambia
510,Rocky,Panons,rpanonse5@telegraph.co.uk,Male,Business Development,7313,Afghanistan
511,Alyson,Shawcroft,ashawcrofte6@spotify.com,Female,Legal,3415,Indonesia
512,Eva,Jillings,ejillingse7@comsenz.com,Female,Accounting,6655,China
513,Melvyn,Attenborrow,mattenborrowe8@hud.gov,Male,Legal,8698,Czech Republic
514,Giacopo,Kain,gkaine9@github.io,Male,Services,6798,China
515,Matthus,Priter,mpriterea@nps.gov,Male,Marketing,8470,Portugal
516,Selig,Hellikes,shellikeseb@engadget.com,Male,Legal,5058,Indonesia
517,Phip,Elliss,pellissec@reference.com,Male,Business Development,6764,South Korea
518,Adham,Seatter,aseattered@merriam-webster.com,Male,Services,8749,Portugal
519,Iris,Itzkov,iitzkovee@icio.us,Female,Marketing,6453,Mexico
520,Alasteir,McGowran,amcgowranef@cnbc.com,Male,Marketing,6351,Lebanon
521,Stevy,Hadaway,shadawayeg@nps.gov,Male,Product Management,7903,France
522,Roselle,Giampietro,rgiampietroeh@adobe.com,Female,Research and Development,4787,China
523,Josee,Bennen,jbennenei@ucoz.ru,Female,Legal,3136,Peru
524,Faith,Lauder,flauderej@google.com.br,Female,Product Management,4488,Russia
525,Harmon,Popeley,hpopeleyek@vinaora.com,Male,Sales,3282,Bosnia and Herzegovina
526,Sandy,Walker,swalkerel@jugem.jp,Female,Product Management,5331,Peru
527,Taddeusz,Rutt,truttem@macromedia.com,Male,Accounting,5256,United States
528,Noell,Arrundale,narrundaleen@wired.com,Female,Engineering,4826,Argentina
529,Roberta,Spencley,rspencleyeo@studiopress.com,Female,Research and Development,8733,Tuvalu
530,Valida,McGlynn,vmcglynnep@princeton.edu,Female,Business Development,7279,Indonesia
531,Mikey,Rodwell,mrodwelleq@zdnet.com,Male,Engineering,6433,Canada
532,Aile,Bidgod,abidgoder@gravatar.com,Female,Human Resources,4509,Peru
533,Abbe,Matson,amatsones@apple.com,Female,Training,5235,Indonesia
534,Kermie,Boadby,kboadbyet@goo.gl,Male,Training,6034,Czech Republic
535,Lilas,Perren,lperreneu@netscape.com,Female,Support,3436,Malaysia
536,Madelle,Benoist,mbenoistev@cdc.gov,Female,Training,5034,Ireland
537,Monika,Gypps,mgyppsew@photobucket.com,Female,Product Management,5947,Philippines
538,Jillie,Stoyell,jstoyellex@microsoft.com,Female,Legal,6282,Liberia
539,Siffre,McCormick,smccormickey@tmall.com,Male,Legal,3013,Brazil
540,Carry,Walkden,cwalkdenez@intel.com,Female,Engineering,3769,China
541,Melba,Purdom,mpurdomf0@alibaba.com,Female,Legal,6709,Indonesia
542,Truman,Phillipps,tphillippsf1@prlog.org,Male,Services,5100,China
543,Jared,Heathwood,jheathwoodf2@npr.org,Male,Product Management,4815,Philippines
544,Lisha,Vallender,lvallenderf3@marriott.com,Female,Accounting,7583,Sweden
545,Aubrey,Goodrich,agoodrichf4@walmart.com,Female,Research and Development,6703,Iraq
546,Marlow,Ebbing,mebbingf5@mail.ru,Male,Support,6631,Philippines
547,Arlana,Gravey,agraveyf6@cyberchimps.com,Female,Accounting,8005,United States
548,Petr,Eaklee,peakleef7@so-net.ne.jp,Male,Engineering,7209,China
549,Woodrow,Ovanesian,wovanesianf8@engadget.com,Male,Training,6703,China
550,Pauline,Forsyde,pforsydef9@gnu.org,Female,Product Management,8205,Tajikistan
551,Vivi,Wetheril,vwetherilfa@hao123.com,Female,Training,4791,Tajikistan
552,Artur,Richards,arichardsfb@ted.com,Male,Training,6218,Nigeria
553,Francisco,Fuggle,ffugglefc@amazon.com,Male,Marketing,4990,China
554,Claretta,Wipper,cwipperfd@walmart.com,Female,Human Resources,6625,Poland
555,Shantee,Schimek,sschimekfe@opensource.org,Female,Business Development,8818,China
556,Aurelea,Sabatini,asabatiniff@slashdot.org,Female,Training,5819,Gambia
557,Eben,Saket,esaketfg@ezinearticles.com,Male,Marketing,5618,United States
558,Asher,Rableau,arableaufh@scientificamerican.com,Male,Legal,7981,Portugal
559,Tom,Kennelly,tkennellyfi@pbs.org,Male,Sales,5639,Japan
560,Kissiah,Kovnot,kkovnotfj@hubpages.com,Female,Accounting,4020,China
561,Alfreda,Findlater,afindlaterfk@google.de,Female,Marketing,4152,Portugal
562,Dal,Lebang,dlebangfl@tmall.com,Male,Engineering,3138,France
563,Marilee,Sly,mslyfm@cisco.com,Female,Research and Development,4741,Indonesia
564,Emma,Toop,etoopfn@friendfeed.com,Female,Accounting,3206,Greece
565,Annora,Millward,amillwardfo@cnet.com,Female,Research and Development,8991,Serbia
566,Barn,Trillow,btrillowfp@sun.com,Male,Product Management,7751,United States
567,Jillayne,Fredson,jfredsonfq@umn.edu,Female,Engineering,5253,Indonesia
568,Gilli,Lusher,glusherfr@unesco.org,Female,Business Development,4972,Argentina
569,Karrah,Stannion,kstannionfs@blogs.com,Female,Legal,5749,Poland
570,Koressa,Killelea,kkilleleaft@columbia.edu,Female,Sales,7883,Pakistan
571,Reinwald,Scott,rscottfu@ftc.gov,Male,Sales,3953,Ukraine
572,Constantina,Bardnam,cbardnamfv@quantcast.com,Female,Support,6973,Venezuela
573,Marillin,Fedoronko,mfedoronkofw@mozilla.org,Female,Support,6862,Indonesia
574,Hedi,Abrahamovitz,habrahamovitzfx@scientificamerican.com,Female,Services,6455,Greece
575,Hester,Haime,hhaimefy@yelp.com,Female,Engineering,7346,Nigeria
576,Lind,Di Biagio,ldibiagiofz@si.edu,Male,Engineering,8840,Peru
577,Gifford,Moan,gmoang0@homestead.com,Male,Business Development,3574,Indonesia
578,May,Quayle,mquayleg1@hatena.ne.jp,Female,Engineering,7276,Sweden
579,Jillana,Sharvill,jsharvillg2@so-net.ne.jp,Female,Accounting,5743,Russia
580,Thaxter,Madine,tmadineg3@dot.gov,Male,Human Resources,5984,Czech Republic
581,Flori,Matyugin,fmatyuging4@friendfeed.com,Female,Legal,8006,China
582,Dolf,Kroch,dkrochg5@printfriendly.com,Male,Marketing,5755,Pakistan
583,Joelly,Smeath,jsmeathg6@fema.gov,Female,Accounting,3333,Mongolia
584,Mac,Tummons,mtummonsg7@squarespace.com,Male,Legal,3112,China
585,Michaella,Barefoot,mbarefootg8@altervista.org,Female,Marketing,8361,Russia
586,Mattie,Fallens,mfallensg9@europa.eu,Male,Business Development,5733,Finland
587,Pietro,Fearney,pfearneyga@cargocollective.com,Male,Services,5101,China
588,Hieronymus,Gallop,hgallopgb@independent.co.uk,Male,Accounting,6299,Cuba
589,Stanford,Koschke,skoschkegc@gov.uk,Male,Sales,4325,Canada
590,Joella,Hammelberg,jhammelberggd@state.gov,Female,Sales,5164,Czech Republic
591,Shaylynn,Lazonby,slazonbyge@ifeng.com,Female,Accounting,6128,Russia
592,Dukey,Chappel,dchappelgf@twitter.com,Male,Engineering,4516,South Korea
593,Bree,De Ambrosi,bdeambrosigg@walmart.com,Female,Sales,8641,Tanzania
594,Roberto,Purcer,rpurcergh@timesonline.co.uk,Male,Sales,8046,Dominican Republic
595,Linette,Caustick,lcaustickgi@google.ca,Female,Engineering,7247,China
596,Godfrey,Antoniat,gantoniatgj@privacy.gov.au,Male,Accounting,5421,Indonesia
597,Robbie,Sabbatier,rsabbatiergk@ehow.com,Male,Sales,6048,Philippines
598,Rockwell,Porkiss,rporkissgl@friendfeed.com,Male,Legal,6957,China
599,Ange,Uttermare,auttermaregm@aboutads.info,Male,Engineering,3044,Russia
600,Stevena,Lakeman,slakemangn@upenn.edu,Female,Accounting,4399,Pakistan
601,Sergent,Kivell,skivellgo@aboutads.info,Male,Legal,6289,China
602,Alice,Scaddon,ascaddongp@hhs.gov,Female,Human Resources,5801,China
603,Carlin,McPake,cmcpakegq@ft.com,Female,Training,8722,Greece
604,Juli,Probin,jprobingr@shareasale.com,Female,Legal,7565,China
605,Nanon,O'Concannon,noconcannongs@istockphoto.com,Female,Engineering,8555,Greece
606,Kayle,Tevelov,ktevelovgt@cnbc.com,Female,Training,8787,Tajikistan
607,Jay,Bursell,jbursellgu@biglobe.ne.jp,Male,Business Development,5572,Portugal
608,Anthe,Antognoni,aantognonigv@princeton.edu,Female,Sales,3207,Belarus
609,Britney,Cayley,bcayleygw@yellowpages.com,Female,Marketing,7045,Indonesia
610,Elie,Verduin,everduingx@nature.com,Female,Marketing,7814,Zimbabwe
611,Isaak,Lindeman,ilindemangy@squidoo.com,Male,Engineering,8777,Sweden
612,Gayelord,Nissle,gnisslegz@biblegateway.com,Male,Research and Development,3959,Philippines
613,Angil,Court,acourth0@ask.com,Female,Sales,7646,Madagascar
614,Audry,Lavies,alaviesh1@sfgate.com,Female,Services,7376,China
615,Kiel,Hemerijk,khemerijkh2@admin.ch,Male,Engineering,4734,Palestinian Territory
616,Crosby,Heaslip,cheasliph3@purevolume.com,Male,Business Development,8098,France
617,Joann,Balhatchet,jbalhatcheth4@gravatar.com,Female,Human Resources,5852,Mozambique
618,Matti,Capps,mcappsh5@ocn.ne.jp,Female,Human Resources,6032,Philippines
619,Frederica,Roaf,froafh6@adobe.com,Female,Support,6253,Russia
620,Vivi,Gheorghie,vgheorghieh7@home.pl,Female,Support,6242,Colombia
621,Maighdiln,Musson,mmussonh8@cyberchimps.com,Female,Business Development,3576,Russia
622,Mar,Emptage,memptageh9@springer.com,Male,Services,8424,Indonesia
623,Huntlee,Errol,herrolha@ox.ac.uk,Male,Accounting,7556,Senegal
624,Miranda,Trowel,mtrowelhb@google.com.hk,Female,Human Resources,5546,Peru
625,Rory,Newlands,rnewlandshc@sohu.com,Female,Services,4664,Japan
626,Catherine,Sherrin,csherrinhd@earthlink.net,Female,Engineering,6187,China
627,Susette,Anderson,sandersonhe@tripadvisor.com,Female,Training,5512,Portugal
628,Ximenes,Heeley,xheeleyhf@parallels.com,Male,Legal,8204,France
629,Florida,Flinders,fflindershg@dot.gov,Female,Training,3885,Ukraine
630,Rudolph,Goshawk,rgoshawkhh@weather.com,Male,Support,7358,China
631,Urbano,Gentreau,ugentreauhi@shutterfly.com,Male,Sales,8991,Nigeria
632,Emmett,McMechan,emcmechanhj@weather.com,Male,Business Development,7322,Colombia
633,Gianina,Tyrone,gtyronehk@google.ru,Female,Product Management,8316,United States
634,Toddy,Sellors,tsellorshl@statcounter.com,Male,Research and Development,7490,Guinea
635,Midge,Alexander,malexanderhm@house.gov,Female,Human Resources,8949,China
636,Tobiah,Girardey,tgirardeyhn@sitemeter.com,Male,Support,8325,Sweden
637,Lanie,Crombie,lcrombieho@earthlink.net,Female,Marketing,8412,Mexico
638,Tabbie,Sidey,tsideyhp@quantcast.com,Female,Product Management,6804,Russia
639,Fletch,Ruckledge,fruckledgehq@reddit.com,Male,Marketing,3476,Indonesia
640,Milzie,Gandar,mgandarhr@cisco.com,Female,Support,5682,Poland
641,Rhys,Cossum,rcossumhs@mtv.com,Male,Research and Development,4529,Nepal
642,Quinton,Fumagalli,qfumagalliht@imdb.com,Male,Human Resources,7992,France
643,Emmett,Gough,egoughhu@time.com,Male,Business Development,8122,Russia
644,Grissel,Dillistone,gdillistonehv@google.com.br,Female,Business Development,5065,Sweden
645,Tom,Mangenot,tmangenothw@angelfire.com,Male,Engineering,7976,Indonesia
646,Ange,Mungane,amunganehx@miitbeian.gov.cn,Female,Product Management,6334,China
647,Andreas,Zmitrichenko,azmitrichenkohy@dmoz.org,Male,Business Development,6990,Vietnam
648,Federico,Treen,ftreenhz@cocolog-nifty.com,Male,Services,8817,Argentina
649,Mada,Klesel,mkleseli0@biglobe.ne.jp,Female,Marketing,8337,Brazil
650,Glori,MacAughtrie,gmacaughtriei1@nih.gov,Female,Training,6694,France
651,Keelby,Shera,ksherai2@arstechnica.com,Male,Human Resources,4196,Indonesia
652,Fidole,Koenraad,fkoenraadi3@hud.gov,Male,Services,7225,Indonesia
653,Thurstan,Gumly,tgumlyi4@eventbrite.com,Male,Services,3253,Indonesia
654,Charmane,Gonnet,cgonneti5@youtube.com,Female,Services,3799,Chile
655,Regan,Bickerdicke,rbickerdickei6@about.com,Female,Support,7892,Belarus
656,Ali,Enticknap,aenticknapi7@ibm.com,Female,Support,5369,Thailand
657,Adella,Ferandez,aferandezi8@ning.com,Female,Research and Development,5398,Ethiopia
658,Juli,Hurst,jhursti9@free.fr,Female,Sales,3412,Portugal
659,Alene,Bulford,abulfordia@i2i.jp,Female,Support,6190,Poland
660,Lilian,Benito,lbenitoib@columbia.edu,Female,Accounting,3158,Thailand
661,Errol,Nys,enysic@tripadvisor.com,Male,Support,3841,Indonesia
662,Francoise,Barck,fbarckid@washingtonpost.com,Female,Research and Development,5125,Russia
663,Tine,Meni,tmeniie@phpbb.com,Female,Product Management,6515,Bulgaria
664,Margery,Bosenworth,mbosenworthif@t.co,Female,Engineering,7581,Brazil
665,Robb,Gravener,rgravenerig@paginegialle.it,Male,Support,5321,Greece
666,Ester,Torrijos,etorrijosih@webeden.co.uk,Female,Engineering,3612,Portugal
667,Kim,Ilyukhov,kilyukhovii@twitter.com,Male,Sales,5639,Brazil
668,Danette,Govier,dgovierij@cnbc.com,Female,Engineering,4878,Brazil
669,Sibelle,Lourenco,slourencoik@webeden.co.uk,Female,Research and Development,5325,China
670,Lurette,Hearst,lhearstil@oakley.com,Female,Research and Development,8227,Sweden
671,Farrah,Pinner,fpinnerim@ocn.ne.jp,Female,Marketing,7951,Ivory Coast
672,Fancie,Ivic,fivicin@creativecommons.org,Female,Product Management,4511,Costa Rica
673,Shawnee,Osborn,sosbornio@odnoklassniki.ru,Female,Training,6516,Portugal
674,Orren,Ollington,oollingtonip@instagram.com,Male,Legal,8730,Indonesia
675,Romonda,Hanretty,rhanrettyiq@blogger.com,Female,Product Management,8985,Burundi
676,Zelig,Crisford,zcrisfordir@bluehost.com,Male,Research and Development,6466,Poland
677,Hirsch,Westman,hwestmanis@t.co,Male,Product Management,8604,Kyrgyzstan
678,Jase,Naldrett,jnaldrettit@tinyurl.com,Male,Legal,6129,China
679,Daniela,Pigdon,dpigdoniu@printfriendly.com,Female,Accounting,4860,Mexico
680,Jacques,Smales,jsmalesiv@ameblo.jp,Male,Sales,4180,Sweden
681,Maureene,Tattoo,mtattooiw@ucoz.ru,Female,Legal,6522,Lithuania
682,Leandra,Raunds,lraundsix@bravesites.com,Female,Research and Development,7123,Iraq
683,Trenton,Itzchaki,titzchakiiy@dailymotion.com,Male,Training,5987,Iran
684,Louisette,Relfe,lrelfeiz@liveinternet.ru,Female,Services,3194,Japan
685,Shirlee,Harnwell,sharnwellj0@nationalgeographic.com,Female,Support,7416,Russia
686,Hervey,Plews,hplewsj1@domainmarket.com,Male,Business Development,5725,Slovakia
687,Quinta,Bruckenthal,qbruckenthalj2@arstechnica.com,Female,Services,3390,Greece
688,Dannie,Seggie,dseggiej3@istockphoto.com,Female,Human Resources,4177,Israel
689,Virgie,Mascall,vmascallj4@blogger.com,Male,Accounting,8015,Tanzania
690,Granthem,Goldring,ggoldringj5@pen.io,Male,Training,6844,Mongolia
691,Sherlocke,Brotherheed,sbrotherheedj6@mediafire.com,Male,Accounting,4880,Canada
692,Bryan,Fishburn,bfishburnj7@springer.com,Male,Marketing,7559,Bangladesh
693,Trude,Peacocke,tpeacockej8@google.ca,Female,Marketing,4741,Colombia
694,Mella,Yakunkin,myakunkinj9@tiny.cc,Female,Training,6738,China
695,Claybourne,Roelofs,croelofsja@artisteer.com,Male,Human Resources,3824,Vietnam
696,Chantal,Inde,cindejb@yandex.ru,Female,Business Development,3414,Indonesia
697,Euell,Joselin,ejoselinjc@weather.com,Male,Human Resources,7590,Philippines
698,Dennison,Hugle,dhuglejd@berkeley.edu,Male,Engineering,5364,China
699,Lexine,Janczyk,ljanczykje@surveymonkey.com,Female,Support,3270,China
700,Emmet,Kepe,ekepejf@etsy.com,Male,Business Development,5281,Portugal
701,Carilyn,Sheals,cshealsjg@google.de,Female,Research and Development,5650,China
702,Claudianus,Baike,cbaikejh@gmpg.org,Male,Marketing,4658,Czech Republic
703,Hollis,Toppin,htoppinji@hc360.com,Male,Support,4102,Tunisia
704,Enos,Tonnesen,etonnesenjj@wikipedia.org,Male,Accounting,4090,Russia
705,Alano,Runsey,arunseyjk@chicagotribune.com,Male,Marketing,7600,Sweden
706,Jay,Cuschieri,jcuschierijl@princeton.edu,Male,Human Resources,3988,Mexico
707,Sebastien,Crabtree,scrabtreejm@army.mil,Male,Human Resources,3816,Nigeria
708,Elijah,Severn,esevernjn@blogtalkradio.com,Male,Accounting,8765,China
709,Emery,Shirtcliffe,eshirtcliffejo@google.com.br,Male,Accounting,5474,China
710,Othelia,Franey,ofraneyjp@nsw.gov.au,Female,Support,5821,Pakistan
711,Bevin,Duckett,bduckettjq@uol.com.br,Male,Services,5886,China
712,Jania,Sitford,jsitfordjr@yellowbook.com,Female,Sales,6756,Philippines
713,Elsi,Bordis,ebordisjs@uol.com.br,Female,Support,8085,Kazakhstan
714,Gretal,Tisun,gtisunjt@wordpress.com,Female,Sales,3760,Paraguay
715,Ryley,Peters,rpetersju@dailymail.co.uk,Male,Engineering,7544,China
716,Taryn,Jimeno,tjimenojv@nationalgeographic.com,Female,Human Resources,3597,Sweden
717,Perkin,Brambell,pbrambelljw@nbcnews.com,Male,Engineering,8552,Chile
718,Sharline,Culshaw,sculshawjx@nps.gov,Female,Product Management,3423,Brazil
719,Danyelle,Lerer,dlererjy@drupal.org,Female,Engineering,7141,Indonesia
720,Gerrard,Thunderchief,gthunderchiefjz@skyrock.com,Male,Services,4761,Indonesia
721,Katalin,Moohan,kmoohank0@webnode.com,Female,Engineering,4607,France
722,Ravid,McIlory,rmciloryk1@live.com,Male,Business Development,5012,Sweden
723,Gale,Ewens,gewensk2@youtube.com,Male,Services,4785,Portugal
724,Millicent,Woodyeare,mwoodyearek3@godaddy.com,Female,Marketing,7712,Indonesia
725,Cornie,Ismirnioglou,cismirnioglouk4@nytimes.com,Male,Accounting,6665,Russia
726,Jo-anne,Garfath,jgarfathk5@mapy.cz,Female,Support,3085,Russia
727,Pris,Snasdell,psnasdellk6@wikipedia.org,Female,Services,6451,Argentina
728,Dorita,Glantz,dglantzk7@jimdo.com,Female,Research and Development,5922,France
729,Adelina,Gwilliam,agwilliamk8@gizmodo.com,Female,Sales,4960,Indonesia
730,Retha,Lightning,rlightningk9@wikimedia.org,Female,Human Resources,4175,Brazil
731,Shelby,Culshew,sculshewka@amazon.co.uk,Male,Business Development,7688,Russia
732,Dorena,Fransoni,dfransonikb@ft.com,Female,Legal,7275,Indonesia
733,Corey,Ebrall,cebrallkc@free.fr,Female,Services,4234,Poland
734,Tripp,Ketton,tkettonkd@adobe.com,Male,Product Management,5435,Indonesia
735,Rubi,McGurn,rmcgurnke@ihg.com,Female,Services,6128,Indonesia
736,Chancey,Philpott,cphilpottkf@youtu.be,Male,Sales,3961,China
737,Darci,Szapiro,dszapirokg@odnoklassniki.ru,Female,Business Development,3794,Poland
738,Lambert,Zimmermeister,lzimmermeisterkh@businessweek.com,Male,Marketing,4753,Honduras
739,Elane,Lippitt,elippittki@tuttocitta.it,Female,Support,3940,Sweden
740,Ludwig,Mather,lmatherkj@army.mil,Male,Services,8382,China
741,Darsey,Gero,dgerokk@cmu.edu,Female,Human Resources,8075,Canada
742,Marieann,Soaper,msoaperkl@nature.com,Female,Sales,5631,Brazil
743,Joice,Wittrington,jwittringtonkm@adobe.com,Female,Legal,7453,Russia
744,Gabrila,Simoes,gsimoeskn@ft.com,Female,Human Resources,3496,Indonesia
745,Brodie,Patters,bpattersko@google.it,Male,Product Management,6701,Peru
746,Quintin,Guitel,qguitelkp@home.pl,Male,Training,3706,Portugal
747,Iosep,Twittey,itwitteykq@fotki.com,Male,Services,5331,Tunisia
748,Kelbee,Milington,kmilingtonkr@bbb.org,Male,Training,7730,Portugal
749,Killie,Shacklady,kshackladyks@i2i.jp,Male,Sales,8774,Indonesia
750,Griffy,Hurdle,ghurdlekt@nyu.edu,Male,Human Resources,6375,Indonesia
751,Claudine,Dhillon,cdhillonku@wsj.com,Female,Business Development,4372,Philippines
752,Agathe,Grastye,agrastyekv@usatoday.com,Female,Human Resources,8097,Malaysia
753,Peadar,Turbard,pturbardkw@toplist.cz,Male,Marketing,5758,Finland
754,Celesta,Chamney,cchamneykx@aol.com,Female,Business Development,8471,Poland
755,Arlen,Lockyear,alockyearky@is.gd,Female,Services,8379,Greece
756,Jakie,Pettit,jpettitkz@samsung.com,Male,Human Resources,7582,Russia
757,Carlo,Rawsthorne,crawsthornel0@ftc.gov,Male,Training,4951,Tanzania
758,Gert,Ellicombe,gellicombel1@dion.ne.jp,Female,Support,5248,Indonesia
759,Cal,Dayly,cdaylyl2@ezinearticles.com,Female,Product Management,8230,Belarus
760,Ysabel,Covert,ycovertl3@infoseek.co.jp,Female,Legal,7268,China
761,Corie,De Vaar,cdevaarl4@nydailynews.com,Female,Accounting,7023,China
762,Waring,Leblanc,wleblancl5@army.mil,Male,Legal,6633,Brazil
763,Anastasie,Bateson,abatesonl6@senate.gov,Female,Accounting,3402,Russia
764,Sherwin,Agar,sagarl7@wired.com,Male,Sales,7552,Japan
765,Andree,Kitchiner,akitchinerl8@freewebs.com,Female,Services,8832,Greece
766,Grover,De Andreis,gdeandreisl9@reference.com,Male,Business Development,7691,China
767,Zsazsa,Garwill,zgarwillla@jimdo.com,Female,Support,6719,Brazil
768,Otho,Dennes,odenneslb@ed.gov,Male,Accounting,8900,Japan
769,Reynold,Hamerton,rhamertonlc@sbwire.com,Male,Human Resources,8376,Poland
770,Miner,Lowndsborough,mlowndsboroughld@tamu.edu,Male,Training,7608,Nigeria
771,Corie,Simnor,csimnorle@chronoengine.com,Female,Legal,3350,Madagascar
772,Zondra,Wilden,zwildenlf@jiathis.com,Female,Accounting,3315,Russia
773,Mill,Boulde,mbouldelg@fema.gov,Male,Services,4006,Brazil
774,Janenna,Worsnap,jworsnaplh@eventbrite.com,Female,Legal,6464,China
775,Gregoire,Hugonnet,ghugonnetli@goodreads.com,Male,Human Resources,6630,Indonesia
776,Stormie,Romei,sromeilj@utexas.edu,Female,Engineering,7450,France
777,Kirby,Josilowski,kjosilowskilk@topsy.com,Male,Support,6211,Kazakhstan
778,Renaud,Dallon,rdallonll@webeden.co.uk,Male,Research and Development,3598,Philippines
779,Gustave,Mulchrone,gmulchronelm@hp.com,Male,Research and Development,4422,Syria
780,Dari,Admans,dadmansln@t.co,Female,Training,3544,Ukraine
781,Scott,Barthelemy,sbarthelemylo@storify.com,Male,Product Management,6593,Japan
782,Hardy,Duffit,hduffitlp@thetimes.co.uk,Male,Engineering,7871,United States
783,Lida,Bestman,lbestmanlq@bloomberg.com,Female,Marketing,3442,United States
784,Jenifer,Verduin,jverduinlr@multiply.com,Female,Product Management,6155,Armenia
785,Andie,Merrin,amerrinls@ehow.com,Female,Research and Development,5862,Indonesia
786,Zachariah,Bergeon,zbergeonlt@storify.com,Male,Legal,4603,Peru
787,Kathye,MacAscaidh,kmacascaidhlu@google.com.au,Female,Product Management,8764,China
788,Helsa,Piscot,hpiscotlv@skyrock.com,Female,Marketing,3684,Philippines
789,Shanna,Battista,sbattistalw@unicef.org,Female,Product Management,3733,Peru
790,Jock,Godier,jgodierlx@nationalgeographic.com,Male,Human Resources,6137,China
791,Shirley,Simonsen,ssimonsenly@topsy.com,Female,Support,4975,France
792,Reggie,Coolican,rcoolicanlz@myspace.com,Male,Training,3835,France
793,Tabbatha,Jiles,tjilesm0@mapquest.com,Female,Business Development,8633,Indonesia
794,Salaidh,Bennoe,sbennoem1@phpbb.com,Female,Accounting,6809,Canada
795,Corrine,Gauche,cgauchem2@irs.gov,Female,Business Development,5320,Argentina
796,Norma,Tidgewell,ntidgewellm3@jugem.jp,Female,Engineering,5481,Portugal
797,Jude,Jacobi,jjacobim4@wordpress.org,Male,Sales,4544,Sweden
798,Abbot,Copland,acoplandm5@columbia.edu,Male,Product Management,3806,Mexico
799,Dix,Kisby,dkisbym6@cornell.edu,Female,Accounting,8907,Philippines
800,Curran,Ors,corsm7@nytimes.com,Male,Sales,7098,Poland
801,Brandyn,Beardow,bbeardowm8@salon.com,Male,Support,5969,Nigeria
802,Netti,Renshall,nrenshallm9@geocities.com,Female,Business Development,8540,Honduras
803,Greta,Edmead,gedmeadma@opera.com,Female,Accounting,7244,China
804,Rodrigo,Maharry,rmaharrymb@fc2.com,Male,Business Development,8307,China
805,Culver,Heinrici,cheinricimc@geocities.com,Male,Research and Development,6128,United States
806,Walker,Newton,wnewtonmd@salon.com,Male,Product Management,7614,Indonesia
807,Gayel,Linacre,glinacreme@devhub.com,Female,Sales,3689,Vietnam
808,Winny,Arzu,warzumf@google.com.au,Male,Marketing,4386,China
809,Abigail,Cana,acanamg@va.gov,Female,Product Management,6064,Brazil
810,Millie,Clampin,mclampinmh@forbes.com,Female,Sales,6240,Democratic Republic of the Congo
811,Reinhold,Shayes,rshayesmi@wix.com,Male,Human Resources,8912,China
812,Honoria,Clist,hclistmj@homestead.com,Female,Product Management,6637,Russia
813,Berkly,Woodfin,bwoodfinmk@fema.gov,Male,Product Management,8184,Greece
814,Mord,Burkman,mburkmanml@skype.com,Male,Business Development,8829,China
815,Trace,Nowlan,tnowlanmm@indiatimes.com,Male,Sales,4099,China
816,Kerianne,Leakner,kleaknermn@state.gov,Female,Human Resources,4498,China
817,Nona,O'Haire,nohairemo@is.gd,Female,Accounting,5029,China
818,Hermie,Bramsom,hbramsommp@xrea.com,Male,Services,3002,Macedonia
819,Christie,Mearns,cmearnsmq@google.co.uk,Female,Sales,3868,Ukraine
820,Balduin,Bangs,bbangsmr@nps.gov,Male,Human Resources,5390,Indonesia
821,Giraldo,Kliner,gklinerms@dagondesign.com,Male,Engineering,7586,China
822,Kara-lynn,Echallie,kechalliemt@com.com,Female,Sales,7380,Kenya
823,Briano,Caldera,bcalderamu@phoca.cz,Male,Marketing,8292,United States
824,Vikky,Sizland,vsizlandmv@tiny.cc,Female,Sales,7727,Vietnam
825,Krishnah,Youster,kyoustermw@w3.org,Male,Engineering,8434,China
826,Brett,Laflin,blaflinmx@samsung.com,Female,Engineering,6271,Russia
827,Jewell,Meneur,jmeneurmy@behance.net,Female,Legal,8903,Albania
828,Alisa,Pinching,apinchingmz@w3.org,Female,Training,5114,Russia
829,Giusto,Peskin,gpeskinn0@narod.ru,Male,Research and Development,4068,Micronesia
830,Ariela,Moston,amostonn1@reverbnation.com,Female,Sales,8043,Brazil
831,Irvin,Carbine,icarbinen2@globo.com,Male,Research and Development,3649,Brazil
832,Marylee,Segrave,msegraven3@china.com.cn,Female,Training,6583,Palestinian Territory
833,Sibylla,Tolchar,stolcharn4@mozilla.org,Female,Sales,5899,Uruguay
834,Riki,Recher,rrechern5@gravatar.com,Female,Support,7258,Croatia
835,Minne,Moughtin,mmoughtinn6@hubpages.com,Female,Support,3551,Vietnam
836,Maddy,Kersley,mkersleyn7@alibaba.com,Female,Legal,7234,Brazil
837,Othilie,Guyver,oguyvern8@bandcamp.com,Female,Services,7640,Togo
838,Andonis,Rawstron,arawstronn9@hubpages.com,Male,Research and Development,3180,Colombia
839,Ellerey,Killigrew,ekilligrewna@indiegogo.com,Male,Legal,4667,Indonesia
840,Sarena,Inderwick,sinderwicknb@scientificamerican.com,Female,Sales,4663,United States
841,Nappie,Panas,npanasnc@archive.org,Male,Research and Development,5344,Sweden
842,Towny,Kinforth,tkinforthnd@meetup.com,Male,Sales,7349,Myanmar
843,Diego,Bastow,dbastowne@nytimes.com,Male,Support,5712,China
844,Cristy,Vynehall,cvynehallnf@unicef.org,Female,Marketing,5380,Japan
845,Clea,Capaldo,ccapaldong@chronoengine.com,Female,Sales,8477,Philippines
846,Xena,Girardini,xgirardininh@de.vu,Female,Research and Development,3869,Ukraine
847,Jenn,Gemeau,jgemeauni@usatoday.com,Female,Marketing,5209,United States
848,Donovan,Lacey,dlaceynj@ning.com,Male,Business Development,6972,United States
849,Mandel,Bonnick,mbonnicknk@gov.uk,Male,Accounting,4504,France
850,Grove,Andrys,gandrysnl@cnn.com,Male,Business Development,7214,Tunisia
851,Gerrilee,Bunten,gbuntennm@google.co.uk,Female,Engineering,7676,China
852,Marilee,Guilford,mguilfordnn@sun.com,Female,Business Development,7592,Vietnam
853,Nicolea,Passy,npassyno@xinhuanet.com,Female,Marketing,5526,Russia
854,Egbert,Demelt,edemeltnp@etsy.com,Male,Research and Development,6961,United States
855,Tobe,Rosita,trositanq@tmall.com,Female,Sales,5889,China
856,Abdel,Brabbs,abrabbsnr@unblog.fr,Male,Human Resources,3527,France
857,Marcy,Cottey,mcotteyns@webmd.com,Female,Marketing,3632,Japan
858,Alisha,Taill,ataillnt@sakura.ne.jp,Female,Sales,6201,Argentina
859,Thorsten,Belt,tbeltnu@1688.com,Male,Human Resources,4430,Finland
860,Kile,Themann,kthemannnv@squidoo.com,Male,Legal,4107,Brazil
861,Casey,Roizn,croiznnw@sourceforge.net,Male,Human Resources,7896,Poland
862,Gustavo,Edgeon,gedgeonnx@shutterfly.com,Male,Training,5910,Greece
863,Ronny,Poolton,rpooltonny@php.net,Male,Support,5342,Philippines
864,Stan,Hemerijk,shemerijknz@last.fm,Male,Accounting,8028,Malaysia
865,Giralda,Eich,geicho0@statcounter.com,Female,Sales,3164,China
866,Chery,Bouda,cboudao1@shutterfly.com,Female,Services,3326,Russia
867,Marris,Jannequin,mjannequino2@youtube.com,Female,Business Development,5976,China
868,Avie,Cleef,acleefo3@slideshare.net,Female,Human Resources,4209,Indonesia
869,Lorrie,Glendzer,lglendzero4@diigo.com,Female,Accounting,5123,Poland
870,Filide,Verrills,fverrillso5@hibu.com,Female,Legal,3614,South Africa
871,Spense,Quarles,squarleso6@comsenz.com,Male,Sales,5187,Philippines
872,Simmonds,Sutterby,ssutterbyo7@free.fr,Male,Product Management,7653,Russia
873,Sanson,Vinter,svintero8@hugedomains.com,Male,Accounting,5620,Indonesia
874,Babb,Janson,bjansono9@theguardian.com,Female,Marketing,8207,Sweden
875,Teddi,Bardwall,tbardwalloa@mediafire.com,Female,Research and Development,5444,Indonesia
876,Gisela,Sanchiz,gsanchizob@amazon.com,Female,Human Resources,8867,China
877,Kacey,Gimeno,kgimenooc@elegantthemes.com,Female,Services,6067,France
878,Anallese,Brownsey,abrownseyod@fc2.com,Female,Support,5179,North Korea
879,Henri,Bisiker,hbisikeroe@tuttocitta.it,Male,Engineering,4959,Brazil
880,Davey,Fairlam,dfairlamof@tumblr.com,Male,Research and Development,5326,Guadeloupe
881,Toddy,Ledamun,tledamunog@dedecms.com,Male,Legal,3050,China
882,Timothee,Bimson,tbimsonoh@jiathis.com,Male,Support,8176,Morocco
883,Adelbert,Catterill,acatterilloi@bravesites.com,Male,Business Development,5540,Angola
884,Shelba,Karpets,skarpetsoj@com.com,Female,Legal,5161,China
885,Agace,Nuschke,anuschkeok@hubpages.com,Female,Accounting,3458,Poland
886,Harvey,Salery,hsaleryol@ucoz.ru,Male,Training,7803,China
887,Hussein,Amorine,hamorineom@umn.edu,Male,Engineering,3968,Honduras
888,Aubry,Huffa,ahuffaon@twitter.com,Female,Legal,3021,Canada
889,Bartolemo,Pol,bpoloo@vinaora.com,Male,Training,5595,Indonesia
890,Andra,Greathead,agreatheadop@berkeley.edu,Female,Support,8668,Portugal
891,Berny,Hurley,bhurleyoq@europa.eu,Male,Product Management,7179,Indonesia
892,Flin,Sherlock,fsherlockor@usnews.com,Male,Business Development,4067,Russia
893,Edeline,Swinnerton,eswinnertonos@elegantthemes.com,Female,Research and Development,6683,Albania
894,Maura,Brawley,mbrawleyot@nytimes.com,Female,Business Development,8855,China
895,Felipa,Bangle,fbangleou@globo.com,Female,Accounting,7537,Thailand
896,Neile,Reinmar,nreinmarov@moonfruit.com,Female,Human Resources,3231,Greece
897,Chery,Anlay,canlayow@apple.com,Female,Services,6958,Croatia
898,Fred,Cossar,fcossarox@ibm.com,Female,Support,7107,China
899,Terrance,Bastow,tbastowoy@amazon.co.jp,Male,Training,6102,Colombia
900,Rosalinde,Nellis,rnellisoz@e-recht24.de,Female,Engineering,8458,Brazil
901,Lotty,Foulsham,lfoulshamp0@technorati.com,Female,Sales,6865,China
902,Luigi,Christie,lchristiep1@bandcamp.com,Male,Product Management,8832,Indonesia
903,Ashly,Shieber,ashieberp2@behance.net,Female,Services,6786,Colombia
904,Nicko,Addicott,naddicottp3@cornell.edu,Male,Legal,3602,Morocco
905,Giacopo,Chrismas,gchrismasp4@npr.org,Male,Human Resources,3273,Nigeria
906,Elsy,Zecchini,ezecchinip5@wordpress.org,Female,Marketing,8501,Latvia
907,Nikita,Ambresin,nambresinp6@a8.net,Male,Services,7597,Croatia
908,Merilyn,Brymner,mbrymnerp7@eepurl.com,Female,Business Development,8789,Azerbaijan
909,Torrence,Beirne,tbeirnep8@businessinsider.com,Male,Business Development,8798,Indonesia
910,Bentlee,Battams,bbattamsp9@cyberchimps.com,Male,Services,3519,United States
911,Gail,Stuttman,gstuttmanpa@amazon.co.uk,Female,Accounting,5331,Uganda
912,Marge,Cauderlie,mcauderliepb@imgur.com,Female,Support,8494,France
913,Tine,Presnell,tpresnellpc@mozilla.com,Female,Engineering,5843,Micronesia
914,Thorndike,Smalls,tsmallspd@admin.ch,Male,Sales,3442,Dominican Republic
915,Keelby,Lelievre,klelievrepe@europa.eu,Male,Research and Development,4285,China
916,Keenan,Yitzhakov,kyitzhakovpf@tumblr.com,Male,Sales,4669,Honduras
917,Robers,Somerscales,rsomerscalespg@plala.or.jp,Male,Services,3315,Poland
918,Osmond,Roch,orochph@google.es,Male,Services,8534,Russia
919,Elsie,Gemlett,egemlettpi@whitehouse.gov,Female,Engineering,4033,Jordan
920,Beatrisa,Grzesiak,bgrzesiakpj@statcounter.com,Female,Human Resources,5466,France
921,Anette,Fleckney,afleckneypk@istockphoto.com,Female,Support,4127,Russia
922,Lydon,Ianitti,lianittipl@illinois.edu,Male,Research and Development,3329,Argentina
923,Shalne,Mossdale,smossdalepm@dyndns.org,Female,Engineering,3220,South Africa
924,Jennica,Feitosa,jfeitosapn@reuters.com,Female,Human Resources,3820,Russia
925,Pall,Wooddisse,pwooddissepo@wikispaces.com,Male,Training,6450,China
926,Freedman,Ferenc,fferencpp@stanford.edu,Male,Engineering,4656,Serbia
927,Kirsten,Elfe,kelfepq@washingtonpost.com,Female,Human Resources,8650,China
928,Ermanno,Gilvary,egilvarypr@skyrock.com,Male,Sales,3517,China
929,Coretta,Phelp,cphelpps@who.int,Female,Support,8439,China
930,Chip,Stickells,cstickellspt@sina.com.cn,Male,Legal,4521,China
931,Olvan,Van Hove,ovanhovepu@joomla.org,Male,Accounting,3979,Serbia
932,Gibby,MacGill,gmacgillpv@berkeley.edu,Male,Services,4642,Mauritius
933,Emelia,Grange,egrangepw@alibaba.com,Female,Research and Development,4229,Philippines
934,Morgen,Greenhaugh,mgreenhaughpx@networksolutions.com,Female,Accounting,5239,Oman
935,Teddie,Dennant,tdennantpy@sohu.com,Female,Accounting,6498,Germany
936,Bonita,Camier,bcamierpz@squarespace.com,Female,Business Development,7418,Venezuela
937,Frederik,Fairhead,ffairheadq0@bandcamp.com,Male,Services,8509,China
938,Appolonia,D'Arrigo,adarrigoq1@artisteer.com,Female,Human Resources,5651,Mexico
939,Caspar,Thornley,cthornleyq2@edublogs.org,Male,Human Resources,4195,Philippines
940,Johna,Constant,jconstantq3@theatlantic.com,Female,Legal,5055,China
941,Raviv,Knell,rknellq4@google.nl,Male,Human Resources,5885,Cuba
942,Alexandre,Rottery,arotteryq5@toplist.cz,Male,Support,3730,China
943,Robbin,Cumber,rcumberq6@friendfeed.com,Female,Training,6522,Croatia
944,Erskine,Keppie,ekeppieq7@skyrock.com,Male,Support,8984,Colombia
945,Kiele,Schultze,kschultzeq8@w3.org,Female,Research and Development,6276,China
946,Ellyn,Waberer,ewabererq9@java.com,Female,Services,3640,Indonesia
947,Henriette,Cranfield,hcranfieldqa@dion.ne.jp,Female,Training,7396,Sweden
948,Thaxter,Lievesley,tlievesleyqb@bizjournals.com,Male,Accounting,7208,Colombia
949,Marylinda,Matveyev,mmatveyevqc@si.edu,Female,Accounting,8812,Malaysia
950,Gaylene,Magrannell,gmagrannellqd@salon.com,Female,Accounting,3958,Sweden
951,Alie,Fletcher,afletcherqe@wired.com,Female,Marketing,6785,Russia
952,Cassi,Morritt,cmorrittqf@hp.com,Female,Research and Development,4370,Portugal
953,Reagen,Payfoot,rpayfootqg@ftc.gov,Male,Marketing,8378,Armenia
954,Darrick,Reisenstein,dreisensteinqh@microsoft.com,Male,Engineering,7033,Jamaica
955,Curr,Hartington,chartingtonqi@diigo.com,Male,Support,4576,Zimbabwe
956,Ambrosio,Philipeau,aphilipeauqj@devhub.com,Male,Training,6455,China
957,Erena,Brimfield,ebrimfieldqk@bloglovin.com,Female,Legal,8552,Finland
958,Tilly,Toynbee,ttoynbeeql@nih.gov,Female,Human Resources,5118,Philippines
959,Kev,Asken,kaskenqm@apple.com,Male,Product Management,4247,Portugal
960,Evey,Minget,emingetqn@netvibes.com,Female,Legal,4334,China
961,Delores,Thomassin,dthomassinqo@about.com,Female,Support,5534,China
962,Porter,Brind,pbrindqp@earthlink.net,Male,Legal,5455,France
963,Dwayne,Lamort,dlamortqq@narod.ru,Male,Training,3124,Indonesia
964,Beilul,Emmanuele,bemmanueleqr@yelp.com,Female,Services,8338,France
965,Latrena,Laidler,llaidlerqs@bloglines.com,Female,Business Development,4648,China
966,Cathee,Virr,cvirrqt@shop-pro.jp,Female,Business Development,5310,United States
967,Clement,Daintry,cdaintryqu@twitter.com,Male,Training,5841,United States
968,Ebony,Smorfit,esmorfitqv@gnu.org,Female,Business Development,4062,Norway
969,Pip,Szach,pszachqw@blogtalkradio.com,Male,Business Development,8842,Indonesia
970,Basilio,Campanelli,bcampanelliqx@zdnet.com,Male,Services,8026,Belarus
971,Godiva,Patington,gpatingtonqy@free.fr,Female,Legal,6530,Peru
972,Aretha,Fowle,afowleqz@webmd.com,Female,Product Management,7827,Dominican Republic
973,Faustina,Gethin,fgethinr0@i2i.jp,Female,Engineering,7913,Indonesia
974,Malissa,Niesing,mniesingr1@ca.gov,Female,Sales,8615,China
975,Erek,Grovier,egrovierr2@google.pl,Male,Human Resources,5342,Japan
976,Chelsea,Hands,chandsr3@163.com,Female,Marketing,8771,Ukraine
977,Wilburt,Toffel,wtoffelr4@google.cn,Male,Engineering,3099,Indonesia
978,Vin,Winsome,vwinsomer5@businessweek.com,Male,Business Development,5105,Macedonia
979,Fredric,Coleborn,fcolebornr6@nationalgeographic.com,Male,Engineering,5892,Portugal
980,Ody,Kainz,okainzr7@mozilla.com,Male,Engineering,5328,Sweden
981,Kevyn,Tokell,ktokellr8@cbc.ca,Female,Engineering,8969,Poland
982,Rena,Kikke,rkikker9@chronoengine.com,Female,Support,3661,Mexico
983,Barbara-anne,Ropking,bropkingra@webeden.co.uk,Female,Legal,3901,Venezuela
984,Darill,Kilgour,dkilgourrb@aol.com,Male,Product Management,7801,Portugal
985,Fred,Ginman,fginmanrc@huffingtonpost.com,Female,Product Management,6193,Russia
986,Alta,Underwood,aunderwoodrd@twitter.com,Female,Engineering,4056,Brazil
987,Broddie,Toleman,btolemanre@qq.com,Male,Training,6179,China
988,Gabbie,Goddard,ggoddardrf@harvard.edu,Female,Marketing,6958,Ecuador
989,Ian,Crace,icracerg@prnewswire.com,Male,Services,4614,Philippines
990,Keane,Donnison,kdonnisonrh@timesonline.co.uk,Male,Research and Development,6616,Brazil
991,Kennith,Tessier,ktessierri@scribd.com,Male,Research and Development,8853,Vietnam
992,Elane,Penn,epennrj@bbb.org,Female,Research and Development,8141,China
993,Dorolisa,Mercer,dmercerrk@usda.gov,Female,Business Development,6539,China
994,Tamarah,Duthie,tduthierl@smh.com.au,Female,Support,5157,Indonesia
995,Kingston,Malamore,kmalamorerm@geocities.com,Male,Product Management,7620,China
996,Karoline,Skarin,kskarinrn@cam.ac.uk,Female,Accounting,7846,Indonesia
997,Katrina,Pettisall,kpettisallro@soup.io,Female,Business Development,6902,Brazil
998,Emma,Renne,erennerp@paginegialle.it,Female,Legal,3103,China
999,Romonda,Vanderplas,rvanderplasrq@indiatimes.com,Female,Support,4028,China
1000,Johnathan,Shergold,jshergoldrr@nhs.uk,Male,Product Management,5498,Portugal
